<?xml version="1.0" encoding="UTF-8"?>
<project xmlns="http://maven.apache.org/POM/4.0.0" xmlns:xsi="http://www.w3.org/2001/XMLSchema-instance" xsi:schemaLocation="http://maven.apache.org/POM/4.0.0 http://maven.apache.org/maven-v4_0_0.xsd">
  <modelVersion>4.0.0</modelVersion>
  <groupId>com.flipkart.covenant.shippingCharge</groupId>
  <artifactId>ShippingChargeCalculator</artifactId>
  <version>1.0-SNAPSHOT</version>
  <build>
    <plugins>
      <plugin>
        <artifactId>maven-shade-plugin</artifactId>
        <version>2.3</version>
        <executions>
          <execution>
            <phase>package</phase>
            <goals>
              <goal>shade</goal>
            </goals>
            <configuration>
              <artifactSet>
                <excludes>
                  <exclude>META-INF/*.SF</exclude>
                  <exclude>META-INF/*.DSA</exclude>
                  <exclude>META-INF/*.RSA</exclude>
                  <exclude>junit:junit</exclude>
                  <exclude>org.apache.maven:lib:tests</exclude>
                </excludes>
              </artifactSet>
            </configuration>
          </execution>
        </executions>
      </plugin>
    </plugins>
  </build>
  <repositories>
    <repository>
      <id>artifactory-new</id>
      <name>artifactory-new-releases</name>
      <url>http://artifactory.nm.flipkart.com:8081/artifactory/libs-releases-local</url>
    </repository>
    <repository>
      <id>artifactory-new1</id>
      <name>artifactory-new-releases</name>
      <url>http://artifactory.nm.flipkart.com:8081/artifactory/libs-release-local</url>
    </repository>
    <repository>
      <id>artifactory-new2</id>
      <name>artifactory-new-snapshots</name>
      <url>http://artifactory.nm.flipkart.com:8081/artifactory/ext-snapshot-local</url>
    </repository>
    <repository>
      <id>artifactory-new3</id>
      <name>artifactory-new-releases</name>
      <url>http://artifactory.nm.flipkart.com:8081/artifactory/ext-release-local</url>
    </repository>
  </repositories>
  <dependencies>
    <dependency>
      <groupId>junit</groupId>
      <artifactId>junit</artifactId>
      <version>4.11</version>
      <scope>compile</scope>
    </dependency>
  </dependencies>
</project>

